{
    "epoch": 0.47,
    "eval_loss": 0.09276291728019714,
    "eval_runtime": 3898.2726,
    "eval_samples_per_second": 6.011,
    "eval_steps_per_second": 0.751,
    "eval_wer": 7.053501375825063,
    "train_loss": 0.0840680416226387,
    "train_runtime": 45146.5595,
    "train_samples_per_second": 1.772,
    "train_steps_per_second": 0.111
}